City_ID,City,Country,Date,Lat,Lng,Max Temp,Humidity,Cloudiness,Wind Speed
0,Iqaluit,CA,2021-10-18 21:28:44,63.7506,-68.5145,35.33,87,90,18.99
1,Bambous Virieux,MU,2021-10-18 21:25:51,-20.3428,57.7575,74.21,78,75,12.66
2,Bengkulu,ID,2021-10-18 21:28:44,-3.8004,102.2655,73.26,95,100,3.65
3,Jamestown,US,2021-10-18 21:28:44,42.097,-79.2353,55.33,59,20,8.01
4,Mayachnyy,RU,2021-10-18 21:28:45,52.6839,55.685,50.54,32,100,11.92
5,Tadine,NC,2021-10-18 21:28:45,-21.55,167.8833,72.3,94,100,10.04
6,Meulaboh,ID,2021-10-18 21:27:56,4.1363,96.1285,77.86,84,100,2.82
7,Te Anau,NZ,2021-10-18 21:28:45,-45.4167,167.7167,51.1,81,99,5.14
8,Edmundston,CA,2021-10-18 21:28:46,47.3737,-68.3251,49.33,68,90,5.75
9,Tazovskiy,RU,2021-10-18 21:28:46,67.4667,78.7,35.37,90,100,11.86
10,Torbay,CA,2021-10-18 21:28:46,47.6666,-52.7314,44.58,93,90,19.57
11,Puerto Narino,CO,2021-10-18 21:28:47,-3.7703,-70.3831,85.95,92,100,2.53
12,Hobart,AU,2021-10-18 21:28:47,-42.8794,147.3294,51.03,83,75,1.01
13,Thompson,CA,2021-10-18 21:28:47,55.7435,-97.8558,51.96,62,40,12.66
14,Atuona,PF,2021-10-18 21:28:47,-9.8,-139.0333,77.58,78,29,19.69
15,East London,ZA,2021-10-18 21:26:03,-33.0153,27.9116,57.15,73,35,4.88
16,Barrow,US,2021-10-18 21:28:48,71.2906,-156.7887,12.22,85,90,6.91
17,Gawler,AU,2021-10-18 21:28:48,-34.6,138.7333,56.25,75,0,7.94
18,Kalemie,CD,2021-10-18 21:28:49,-5.9475,29.1947,71.83,86,100,6.69
19,Albany,US,2021-10-18 21:28:49,42.6001,-73.9662,51.17,74,68,4.0
20,Shimoda,JP,2021-10-18 21:28:49,34.6667,138.95,55.51,92,100,17.6
21,Taltal,CL,2021-10-18 21:28:50,-25.4,-70.4833,63.18,63,23,5.39
22,Arraial Do Cabo,BR,2021-10-18 21:28:35,-22.9661,-42.0278,69.76,94,90,8.05
23,Beringovskiy,RU,2021-10-18 21:28:50,63.05,179.3167,33.37,91,52,9.53
24,Kodiak,US,2021-10-18 21:28:50,57.79,-152.4072,45.91,76,90,23.02
25,Altamont,US,2021-10-18 21:25:53,42.2068,-121.7372,51.89,64,75,3.0
26,Kaitangata,NZ,2021-10-18 21:28:51,-46.2817,169.8464,47.93,74,100,8.23
27,Alofi,NU,2021-10-18 21:25:38,-19.0595,-169.9187,73.29,94,90,16.11
28,Rikitea,PF,2021-10-18 21:28:51,-23.1203,-134.9692,75.42,75,12,19.53
29,Hofn,IS,2021-10-18 21:28:51,64.2539,-15.2082,43.65,94,100,22.44
30,Kozlovice,CZ,2021-10-18 21:28:52,49.5904,18.2566,47.1,99,0,6.91
31,Berlevag,NO,2021-10-18 21:28:52,70.8578,29.0864,35.55,69,40,23.02
32,Butaritari,KI,2021-10-18 21:28:52,3.0707,172.7902,81.55,70,18,8.3
33,Salalah,OM,2021-10-18 21:28:52,17.0151,54.0924,78.89,78,20,5.75
34,Mataura,NZ,2021-10-18 21:28:53,-46.1927,168.8643,42.82,98,100,7.18
35,Ribeira Grande,PT,2021-10-18 21:25:39,38.5167,-28.7,69.15,72,16,17.54
36,Ilulissat,GL,2021-10-18 21:28:53,69.2167,-51.1,28.42,29,7,25.32
37,Tuktoyaktuk,CA,2021-10-18 21:28:53,69.4541,-133.0374,19.4,93,75,6.91
38,Tasiilaq,GL,2021-10-18 21:25:11,65.6145,-37.6368,33.96,47,100,4.36
39,Vaini,TO,2021-10-18 21:28:54,-21.2,-175.2,78.96,78,75,11.5
40,Busselton,AU,2021-10-18 21:28:54,-33.65,115.3333,57.04,94,100,18.1
41,San Patricio,US,2021-10-18 21:28:54,28.017,-97.5169,82.81,48,8,12.26
42,Ushuaia,AR,2021-10-18 21:28:55,-54.8,-68.3,46.06,61,40,28.77
43,Cape Town,ZA,2021-10-18 21:28:55,-33.9258,18.4232,60.12,58,0,5.01
44,Bukoba,TZ,2021-10-18 21:28:55,-1.3317,31.8122,69.46,81,97,3.51
45,Vardo,NO,2021-10-18 21:28:56,70.3705,31.1107,29.95,61,99,27.07
46,Katsuura,JP,2021-10-18 21:25:17,35.1333,140.3,57.31,86,100,13.8
47,Hermanus,ZA,2021-10-18 21:28:56,-34.4187,19.2345,49.8,71,0,10.54
48,Chapais,CA,2021-10-18 21:28:56,49.7834,-74.8492,38.98,95,100,10.92
49,Los Llanos De Aridane,ES,2021-10-18 21:28:57,28.6585,-17.9182,74.95,27,0,6.91
50,Raymondville,US,2021-10-18 21:28:57,26.4815,-97.7831,85.59,45,22,10.76
51,Ponta Do Sol,PT,2021-10-18 21:28:57,32.6667,-17.1,76.01,27,100,2.1
52,Avarua,CK,2021-10-18 21:28:58,-21.2078,-159.775,77.05,73,75,6.91
53,Vicente Guerrero,MX,2021-10-18 21:28:58,19.1194,-98.1708,69.19,57,88,5.66
54,Mega,ET,2021-10-18 21:28:58,4.05,38.3,66.69,58,98,7.25
55,Koster,ZA,2021-10-18 21:28:58,-25.863,26.8976,56.68,72,47,13.69
56,Bredasdorp,ZA,2021-10-18 21:25:53,-34.5322,20.0403,49.28,76,0,4.12
57,Tabou,CI,2021-10-18 21:28:59,4.423,-7.3528,77.65,88,76,6.89
58,Abu Kamal,SY,2021-10-18 21:28:59,34.4506,40.9171,72.32,45,0,5.79
59,Punta Arenas,CL,2021-10-18 21:28:59,-53.15,-70.9167,51.91,50,40,27.63
60,Tomari,RU,2021-10-18 21:29:00,47.7658,142.0683,33.4,98,100,10.8
61,Ahipara,NZ,2021-10-18 21:29:00,-35.1667,173.1667,63.1,70,51,3.89
62,Porto Novo,BJ,2021-10-18 21:29:00,6.4965,2.6036,78.62,91,100,2.35
63,Dilla,ET,2021-10-18 21:29:01,6.41,38.31,61.48,78,68,4.56
64,Fortuna,US,2021-10-18 21:29:01,40.5982,-124.1573,62.92,67,1,1.99
65,Jiangyou,CN,2021-10-18 21:29:02,31.7667,104.7167,55.74,87,50,1.92
66,Mar Del Plata,AR,2021-10-18 21:26:03,-38.0023,-57.5575,57.22,48,0,8.01
67,Yellowknife,CA,2021-10-18 21:29:03,62.456,-114.3525,33.42,84,75,1.99
68,Qaanaaq,GL,2021-10-18 21:29:03,77.484,-69.3632,26.56,69,100,11.45
69,Bluff,NZ,2021-10-18 21:26:08,-46.6,168.3333,47.95,58,100,22.79
70,Half Moon Bay,US,2021-10-18 21:29:03,37.4636,-122.4286,65.37,61,75,3.0
71,Leningradskiy,RU,2021-10-18 21:29:04,69.3833,178.4167,5.81,92,100,3.58
72,Shenjiamen,CN,2021-10-18 21:29:04,29.9576,122.298,64.45,80,100,13.33
73,Asaka,JP,2021-10-18 21:29:04,35.8047,139.6019,57.72,68,100,9.24
74,Belaya Gora,RU,2021-10-18 21:29:05,68.5333,146.4167,-4.54,98,75,3.38
75,Henties Bay,NA,2021-10-18 21:29:05,-22.116,14.2845,58.86,74,100,6.67
76,Harnosand,SE,2021-10-18 21:29:05,62.6323,17.9379,34.0,73,8,7.83
77,New Norfolk,AU,2021-10-18 21:25:00,-42.7826,147.0587,49.66,72,86,1.99
78,La Libertad,EC,2021-10-18 21:29:06,-2.2333,-80.9,76.66,69,75,10.36
79,Songkhla,TH,2021-10-18 21:29:06,6.8333,100.6667,78.85,94,98,3.33
80,Vestmannaeyjar,IS,2021-10-18 21:29:07,63.4427,-20.2734,47.95,82,100,14.94
81,Touros,BR,2021-10-18 21:29:07,-5.1989,-35.4608,79.7,76,72,13.73
82,Slave Lake,CA,2021-10-18 21:29:07,55.2834,-114.769,35.58,75,90,9.22
83,Sorland,NO,2021-10-18 21:29:07,67.667,12.6934,40.23,54,98,10.98
84,Antofagasta,CL,2021-10-18 21:26:05,-23.65,-70.4,60.08,68,30,8.1
85,Mahebourg,MU,2021-10-18 21:26:31,-20.4081,57.7,74.25,78,75,12.66
86,Cusuna,HN,2021-10-18 21:29:08,15.85,-85.2333,80.46,86,68,5.37
87,Werda,BW,2021-10-18 21:29:08,-25.2667,23.2833,61.18,9,14,8.61
88,Sanford,US,2021-10-18 21:29:09,28.8006,-81.2731,81.12,58,20,4.0
89,Kruisfontein,ZA,2021-10-18 21:29:09,-34.0033,24.7314,47.88,68,0,5.75
90,Hilo,US,2021-10-18 21:29:05,19.7297,-155.09,79.79,73,90,4.61
91,Chokurdakh,RU,2021-10-18 21:29:09,70.6333,147.9167,-14.6,100,95,4.97
92,Jurm,AF,2021-10-18 21:29:10,36.8648,70.8342,50.41,42,0,2.24
93,Souillac,MU,2021-10-18 21:25:22,-20.5167,57.5167,74.35,78,75,12.66
94,Kapaa,US,2021-10-18 21:29:10,22.0752,-159.319,82.38,72,40,5.01
95,Kanniyakumari,IN,2021-10-18 21:29:10,8.0833,77.5667,79.21,85,71,17.29
96,Baruun-Urt,MN,2021-10-18 21:29:10,46.6806,113.2792,25.86,58,0,7.63
97,Elat,IL,2021-10-18 21:29:11,29.5581,34.9482,75.04,57,0,13.8
98,Kavieng,PG,2021-10-18 21:26:55,-2.5744,150.7967,83.16,76,17,14.34
99,Castro,BR,2021-10-18 21:25:33,-24.7911,-50.0119,56.26,97,100,4.59
100,Lagoa,PT,2021-10-18 21:29:11,39.05,-27.9833,68.43,73,3,22.01
101,Saskylakh,RU,2021-10-18 21:29:12,71.9167,114.0833,22.69,98,100,1.79
102,Odienne,CI,2021-10-18 21:29:12,9.51,-7.5692,78.39,66,23,1.77
103,Hudson Bay,CA,2021-10-18 21:29:12,52.85,-102.3842,54.91,51,72,13.35
104,Palmer,US,2021-10-18 21:29:12,42.1584,-72.3287,55.45,61,75,10.36
105,Port Hedland,AU,2021-10-18 21:27:07,-20.3167,118.5667,68.05,94,4,2.3
106,Yulara,AU,2021-10-18 21:29:13,-25.2406,130.9889,75.04,25,96,8.05
107,Hasaki,JP,2021-10-18 21:29:13,35.7333,140.8333,54.28,72,100,13.87
108,Evensk,RU,2021-10-18 21:29:13,61.95,159.2333,13.05,67,100,11.18
109,Bedele,ET,2021-10-18 21:29:14,8.456,36.353,52.86,80,1,1.88
110,Bethel,US,2021-10-18 21:28:13,41.3712,-73.414,55.22,82,75,8.05
111,Pevek,RU,2021-10-18 21:29:14,69.7008,170.3133,10.62,81,100,3.89
112,Westport,US,2021-10-18 21:24:28,41.1415,-73.3579,57.9,70,90,1.01
113,Lavrentiya,RU,2021-10-18 21:29:15,65.5833,-171.0,26.24,70,100,11.14
114,Gat,IL,2021-10-18 21:25:02,31.61,34.7642,69.4,68,1,3.67
115,Taoudenni,ML,2021-10-18 21:29:15,22.6783,-3.9836,85.71,11,45,11.05
116,Port Alfred,ZA,2021-10-18 21:29:15,-33.5906,26.891,56.55,68,7,5.93
117,Sao Filipe,CV,2021-10-18 21:29:16,14.8961,-24.4956,80.06,74,2,10.58
118,Sanok,PL,2021-10-18 21:29:16,49.5557,22.2056,48.85,100,100,3.47
119,Ormara,PK,2021-10-18 21:29:16,25.2088,64.6357,81.25,46,5,8.77
120,Tarata,BO,2021-10-18 21:29:17,-17.6167,-66.0167,78.22,45,15,10.16
121,Grong,NO,2021-10-18 21:29:17,64.4654,12.3149,31.28,79,100,3.09
122,Saldanha,ZA,2021-10-18 21:29:17,-33.0117,17.9442,55.45,77,1,15.93
123,Nyurba,RU,2021-10-18 21:29:18,63.2842,118.3319,31.6,89,100,5.73
124,Bitung,ID,2021-10-18 21:29:18,1.4451,125.1824,76.05,78,70,6.4
125,Longyearbyen,SJ,2021-10-18 21:29:18,78.2186,15.6401,17.44,73,75,9.22
126,Price,US,2021-10-18 21:29:18,39.5994,-110.8107,58.26,35,75,8.05
127,Fairbanks,US,2021-10-18 21:29:19,64.8378,-147.7164,35.56,69,20,0.0
128,Brenham,US,2021-10-18 21:29:19,30.1669,-96.3977,79.38,44,1,3.44
129,Lompoc,US,2021-10-18 21:27:50,34.6391,-120.4579,72.57,50,1,19.57
130,Karratha,AU,2021-10-18 21:29:19,-20.7377,116.8463,73.56,77,40,8.19
131,Hithadhoo,MV,2021-10-18 21:26:24,-0.6,73.0833,81.75,73,95,7.72
132,Iquitos,PE,2021-10-18 21:29:20,-3.7481,-73.2472,78.84,78,75,6.91
133,Saint-Francois,FR,2021-10-18 21:29:20,46.4154,3.9054,49.68,100,98,4.61
134,Victoria,HK,2021-10-18 21:25:48,22.2855,114.1577,76.32,79,99,1.99
135,Saint-Paul,RE,2021-10-18 21:29:21,-21.0096,55.2707,71.69,91,2,3.0
136,Mikkeli,FI,2021-10-18 21:29:21,61.6886,27.2723,35.71,87,90,6.91
137,Upernavik,GL,2021-10-18 21:29:21,72.7868,-56.1549,27.18,47,100,7.29
138,Axim,GH,2021-10-18 21:29:21,4.8699,-2.2405,78.26,84,100,7.9
139,Tiksi,RU,2021-10-18 21:25:59,71.6872,128.8694,17.11,88,100,11.61
140,Coxim,BR,2021-10-18 21:26:35,-18.5067,-54.76,84.61,55,100,4.52
141,Suez,EG,2021-10-18 21:29:22,29.9737,32.5263,69.96,64,0,8.68
142,Hanna,CA,2021-10-18 21:29:22,51.6334,-111.9018,47.12,72,99,13.0
143,Panama City,PA,2021-10-18 21:27:34,8.9936,-79.5197,82.44,83,40,6.91
144,Khatanga,RU,2021-10-18 21:29:23,71.9667,102.5,31.01,98,100,7.9
145,Banjar,ID,2021-10-18 21:29:23,-8.19,114.9675,78.66,85,98,3.96
146,Los Algarrobos,PA,2021-10-18 21:29:23,8.5,-82.4333,79.45,83,40,5.75
147,Omboue,GA,2021-10-18 21:29:24,-1.5746,9.2618,76.95,84,100,8.48
148,Nha Trang,VN,2021-10-18 21:29:24,12.25,109.1833,78.8,93,100,4.79
149,Aracuai,BR,2021-10-18 21:29:24,-16.8497,-42.0703,77.74,72,90,3.38
150,Bathsheba,BB,2021-10-18 21:29:25,13.2167,-59.5167,83.01,78,40,6.91
151,Mindelo,CV,2021-10-18 21:29:25,16.8901,-24.9804,80.15,69,20,23.02
152,Puerto Ayacucho,VE,2021-10-18 21:29:25,5.6639,-67.6236,82.29,76,89,3.44
153,Sao Joao Da Barra,BR,2021-10-18 21:29:25,-21.6403,-41.0511,71.69,89,97,10.76
154,Anadyr,RU,2021-10-18 21:29:26,64.75,177.4833,32.5,100,90,32.99
155,Pozarevac,RS,2021-10-18 21:29:26,44.6153,21.1825,52.05,71,62,3.87
156,Bud,US,2021-10-18 21:29:27,39.447,-86.1758,72.21,45,0,7.18
157,Kuusamo,FI,2021-10-18 21:29:27,65.9667,29.1833,28.44,74,75,13.8
158,Port-Gentil,GA,2021-10-18 21:29:27,-0.7193,8.7815,78.76,83,20,11.5
159,Yumen,CN,2021-10-18 21:29:27,40.2833,97.2,43.5,26,100,13.98
160,Rio Grande,BR,2021-10-18 21:24:54,-32.035,-52.0986,66.31,68,0,7.49
161,Tianpeng,CN,2021-10-18 21:29:28,30.9866,103.9393,58.64,87,76,1.16
162,Russell,US,2021-10-18 21:29:28,32.3502,-85.1999,73.0,45,1,0.0
163,Letychiv,UA,2021-10-18 21:29:28,49.3826,27.6305,44.78,78,96,11.92
164,Olinda,BR,2021-10-18 21:25:40,-8.0089,-34.8553,80.33,74,40,6.91
165,Mayo,US,2021-10-18 21:29:29,38.8876,-76.5119,68.86,43,75,13.0
166,Gigmoto,PH,2021-10-18 21:29:29,13.7796,124.39,79.47,88,99,6.04
167,Dingle,PH,2021-10-18 21:29:29,10.9995,122.6711,76.53,94,64,6.69
168,Sisimiut,GL,2021-10-18 21:29:30,66.9395,-53.6735,26.87,45,2,15.03
169,Cayenne,GF,2021-10-18 21:29:30,4.9333,-52.3333,82.44,83,75,1.99
170,Nome,US,2021-10-18 21:29:30,64.5011,-165.4064,26.67,64,90,10.36
171,Roald,NO,2021-10-18 21:29:31,62.5833,6.1333,46.17,53,0,11.5
172,Vila Velha,BR,2021-10-18 21:29:31,-20.3297,-40.2925,75.15,88,90,5.75
173,Tuy Hoa,VN,2021-10-18 21:29:32,13.0833,109.3,77.41,90,100,1.92
174,Rodez,FR,2021-10-18 21:29:32,44.5,2.5833,53.28,82,0,6.91
175,Luderitz,NA,2021-10-18 21:25:25,-26.6481,15.1594,72.19,25,87,16.04
176,Boulder,US,2021-10-18 21:26:08,40.0833,-105.3505,72.59,20,1,4.0
177,Oudtshoorn,ZA,2021-10-18 21:29:33,-33.5907,22.2014,46.76,74,0,1.72
178,Puerto Ayora,EC,2021-10-18 21:29:33,-0.7393,-90.3518,78.76,80,78,10.67
179,Luanda,AO,2021-10-18 21:27:41,-8.8368,13.2343,75.2,83,20,5.75
180,Santa Cruz De La Palma,ES,2021-10-18 21:29:33,28.6835,-17.7642,78.94,27,0,6.91
181,Santa Catarina De Tepehuanes,MX,2021-10-18 21:29:34,25.35,-105.7333,74.35,38,97,12.15
182,Jackson,US,2021-10-18 21:26:02,42.4165,-122.8345,57.79,61,1,0.0
183,Alihe,CN,2021-10-18 21:29:34,50.5667,123.7167,24.42,68,11,3.4
184,Clyde River,CA,2021-10-18 21:27:04,70.4692,-68.5914,32.23,86,90,23.02
185,Mount Gambier,AU,2021-10-18 21:29:34,-37.8333,140.7667,46.31,100,40,0.0
186,Rocha,UY,2021-10-18 21:28:42,-34.4833,-54.3333,57.15,79,14,7.58
187,San Cristobal,VE,2021-10-18 21:29:35,7.7669,-72.225,80.78,55,69,5.35
188,Lorengau,PG,2021-10-18 21:29:35,-2.0226,147.2712,83.26,74,48,10.25
189,Paithan,IN,2021-10-18 21:29:35,19.4833,75.3833,73.08,75,62,9.51
190,Sydney Mines,CA,2021-10-18 21:29:36,46.2367,-60.2177,57.85,85,75,1.01
191,Chuy,UY,2021-10-18 21:25:04,-33.6971,-53.4616,59.34,83,35,8.32
192,Hlotse,LS,2021-10-18 21:29:36,-28.8718,28.045,48.99,24,0,2.37
193,Vao,NC,2021-10-18 21:29:32,-22.6667,167.4833,71.83,92,100,24.56
194,Lima,PE,2021-10-18 21:25:34,-12.0432,-77.0282,62.13,77,75,9.22
195,Ballater,GB,2021-10-18 21:29:37,57.0493,-3.0402,57.78,99,99,4.32
196,Phan Thiet,VN,2021-10-18 21:29:37,10.9333,108.1,77.16,91,98,6.13
197,Faanui,PF,2021-10-18 21:29:37,-16.4833,-151.75,80.06,78,99,16.04
198,Adrar,MR,2021-10-18 21:29:38,20.5022,-10.0711,85.32,12,99,9.98
199,Tanout,NE,2021-10-18 21:29:38,14.9709,8.8879,88.03,22,20,5.41
200,Marsh Harbour,BS,2021-10-18 21:28:59,26.5412,-77.0636,77.77,59,70,15.32
201,Alugan,PH,2021-10-18 21:29:38,12.2188,125.4808,80.87,83,74,4.74
202,Black Diamond,US,2021-10-18 21:29:39,47.3087,-122.0032,55.87,78,75,1.99
203,Batagay-Alyta,RU,2021-10-18 21:29:39,67.8006,130.4114,1.54,84,100,1.99
204,Aklavik,CA,2021-10-18 21:28:53,68.2191,-135.0107,22.03,76,100,3.38
205,Guerrero Negro,MX,2021-10-18 21:29:39,27.9769,-114.0611,70.48,57,2,17.58
206,Arman,RU,2021-10-18 21:29:40,59.7,150.1667,11.5,51,3,8.9
207,Tual,ID,2021-10-18 21:29:40,-5.6667,132.75,83.23,77,64,12.46
208,Ishigaki,JP,2021-10-18 21:29:40,24.3448,124.1572,75.33,78,75,4.61
209,Kholmogory,RU,2021-10-18 21:29:40,64.2229,41.656,35.71,92,82,5.41
210,Shakiso,ET,2021-10-18 21:29:41,5.75,38.9167,58.5,83,79,3.15
211,Sarishabari,BD,2021-10-18 21:29:41,24.7333,89.8333,76.62,96,100,16.2
212,Srednekolymsk,RU,2021-10-18 21:28:23,67.45,153.6833,-2.6,100,92,4.07
213,Gijon,ES,2021-10-18 21:24:56,43.5357,-5.6615,72.45,87,100,4.0
214,Assare,BR,2021-10-18 21:29:42,-6.8744,-39.875,89.22,23,91,5.82
215,Husavik,IS,2021-10-18 21:29:42,66.0449,-17.3389,39.11,98,100,15.79
216,Provideniya,RU,2021-10-18 21:29:42,64.3833,-173.3,30.31,69,90,15.66
217,Naze,JP,2021-10-18 21:29:42,28.3667,129.4833,69.75,85,99,11.45
218,Elko,US,2021-10-18 21:29:43,41.0002,-115.5012,43.74,63,100,11.01
219,Tambovka,RU,2021-10-18 21:29:43,50.0969,128.0489,21.31,59,0,5.61
220,Constitucion,CL,2021-10-18 21:29:43,-35.3333,-72.4167,64.56,58,7,14.85
221,Pacific Grove,US,2021-10-18 21:27:14,36.6177,-121.9166,64.56,66,1,8.01
222,Oskarshamn,SE,2021-10-18 21:29:44,57.2645,16.4484,29.97,57,100,1.95
223,Carnarvon,AU,2021-10-18 21:29:44,-24.8667,113.6333,68.07,88,90,26.46
224,Nikolskoye,RU,2021-10-18 21:29:44,59.7035,30.7861,39.09,92,35,6.73
225,Quatre Cocos,MU,2021-10-18 21:29:45,-20.2078,57.7625,74.08,73,46,13.47
226,Areosa,PT,2021-10-18 21:29:45,41.7178,-8.8571,68.31,88,33,6.33
227,Cabedelo,BR,2021-10-18 21:29:45,-6.9811,-34.8339,79.47,77,100,10.2
228,Talnakh,RU,2021-10-18 21:29:46,69.4865,88.3972,33.26,98,100,15.77
229,La Asuncion,VE,2021-10-18 21:24:58,11.0333,-63.8628,98.33,41,7,12.66
230,Winterthur,CH,2021-10-18 21:29:46,47.5,8.75,52.0,91,40,2.3
231,Tenenkou,ML,2021-10-18 21:29:46,14.4572,-4.9169,88.27,31,100,1.63
232,Maltahohe,NA,2021-10-18 21:29:47,-24.8333,16.9833,63.1,9,87,17.11
233,Batemans Bay,AU,2021-10-18 21:29:47,-35.7167,150.1833,58.98,94,95,9.33
234,Maumere,ID,2021-10-18 21:29:47,-8.6199,122.2111,80.55,78,25,0.4
235,Jumla,NP,2021-10-18 21:29:48,29.2747,82.1838,55.89,99,100,0.47
236,Oktyabrskoye,RU,2021-10-18 21:29:48,43.0645,44.7417,51.94,100,99,2.24
237,Hami,CN,2021-10-18 21:29:48,42.8,93.45,52.63,26,88,3.65
238,Cidreira,BR,2021-10-18 21:29:49,-30.1811,-50.2056,62.71,70,66,7.85
239,Saint-Philippe,RE,2021-10-18 21:29:49,-21.3585,55.7679,71.15,79,42,13.13
240,Port Blair,IN,2021-10-18 21:29:49,11.6667,92.75,80.49,84,99,7.38
241,Nalut,LY,2021-10-18 21:29:50,30.3333,10.85,69.1,52,84,17.47
242,Lata,PT,2021-10-18 21:25:54,40.1629,-8.3327,67.82,82,100,1.63
243,Raga,SS,2021-10-18 21:29:50,8.4596,25.678,75.15,78,97,3.6
244,Grand Gaube,MU,2021-10-18 21:25:43,-20.0064,57.6608,74.37,77,41,5.99
245,Mount Isa,AU,2021-10-18 21:29:51,-20.7333,139.5,73.17,49,22,3.44
246,Hall,US,2021-10-18 21:29:51,34.3168,-83.7832,74.05,47,1,4.61
247,Pacifica,US,2021-10-18 21:29:51,37.6138,-122.4869,66.06,69,40,3.0
248,Dunedin,NZ,2021-10-18 21:25:09,-45.8742,170.5036,44.37,92,98,10.0
249,Broome,US,2021-10-18 21:29:52,42.2506,-75.833,49.01,73,90,1.99
250,Pisco,PE,2021-10-18 21:29:52,-13.7,-76.2167,67.01,72,0,6.91
251,Airai,TL,2021-10-18 21:29:52,-8.9266,125.4092,62.08,87,83,1.68
252,Port Elizabeth,ZA,2021-10-18 21:25:57,-33.918,25.5701,53.89,87,40,2.3
253,Mehamn,NO,2021-10-18 21:29:53,71.0357,27.8492,35.51,69,40,23.02
254,Bairiki,KI,2021-10-18 21:29:53,1.3292,172.9752,86.0,66,20,9.22
255,Gambela,ET,2021-10-18 21:29:53,8.25,34.5833,73.78,71,17,4.16
256,Majene,ID,2021-10-18 21:29:53,-3.5403,118.9707,78.75,87,92,3.36
257,Cherskiy,RU,2021-10-18 21:29:54,68.75,161.3,-5.49,100,27,9.37
258,Ariquemes,BR,2021-10-18 21:29:54,-9.9133,-63.0408,74.66,93,99,2.33
259,Rogers,US,2021-10-18 21:29:54,36.3668,-95.5836,74.95,33,1,5.01
260,Yaan,NG,2021-10-18 21:29:55,7.3833,8.5667,74.25,84,100,4.99
261,Ketchikan,US,2021-10-18 21:29:55,55.3422,-131.6461,48.67,49,1,11.5
262,Rawson,AR,2021-10-18 21:29:55,-43.3002,-65.1023,73.9,30,10,16.49
263,Sioux Lookout,CA,2021-10-18 21:29:56,50.1001,-91.917,70.18,40,75,10.36
264,Kalmunai,LK,2021-10-18 21:29:56,7.4167,81.8167,79.79,81,96,4.12
265,Choix,MX,2021-10-18 21:29:56,26.7092,-108.3219,84.65,52,100,2.91
266,Uruzgan,AF,2021-10-18 21:29:56,32.8333,66.0,48.02,19,0,1.48
267,Alanya,TR,2021-10-18 21:29:57,36.5438,31.9998,64.53,49,100,3.62
268,Lebu,CL,2021-10-18 21:25:47,-37.6167,-73.65,55.45,76,0,18.72
269,La Peca,PE,2021-10-18 21:29:57,-5.6111,-78.435,82.0,58,99,7.05
270,Kieta,PG,2021-10-18 21:29:57,-6.2167,155.6333,82.35,74,47,2.73
271,Mangaratiba,BR,2021-10-18 21:29:58,-22.9597,-44.0406,69.03,97,100,6.85
272,Georgetown,MY,2021-10-18 21:29:58,5.4112,100.3354,81.95,85,40,8.05
273,Wanaka,NZ,2021-10-18 21:29:58,-44.7,169.15,51.12,73,99,4.0
274,Chulman,RU,2021-10-18 21:29:59,56.8479,124.9104,21.07,94,100,5.86
275,Talara,PE,2021-10-18 21:29:59,-4.5772,-81.2719,72.36,64,0,14.97
276,Codrington,AU,2021-10-18 21:29:59,-38.2667,141.9667,50.36,87,60,10.47
277,Ponta Delgada,PT,2021-10-18 21:29:59,37.7333,-25.6667,70.52,78,20,11.5
278,Namibe,AO,2021-10-18 21:30:00,-15.1961,12.1522,63.37,85,45,5.95
279,Palmerston,AU,2021-10-18 21:30:00,-12.486,130.9833,80.58,87,40,0.0
280,Male,MV,2021-10-18 21:30:01,4.1748,73.5089,82.35,83,75,8.05
281,Saint Anthony,US,2021-10-18 21:30:02,45.0205,-93.218,79.75,29,1,4.0
282,Sokoto,NG,2021-10-18 21:30:02,13.0609,5.239,80.53,68,100,7.05
283,Korla,CN,2021-10-18 21:25:19,41.7597,86.1469,52.12,29,80,7.07
284,Corning,US,2021-10-18 21:29:45,42.1428,-77.0547,50.85,73,94,12.35
285,Rudbar,AF,2021-10-18 21:30:03,30.15,62.6,65.39,8,0,4.97
286,Tessalit,ML,2021-10-18 21:30:04,20.1986,1.0114,83.48,12,0,9.89
287,Los Rastrojos,VE,2021-10-18 21:30:05,10.0259,-69.2417,97.16,41,30,14.97
288,Neepawa,CA,2021-10-18 21:30:05,50.2289,-99.4664,70.2,36,65,4.9
289,Doka,SD,2021-10-18 21:30:06,13.5167,35.7667,77.02,48,0,4.14
290,Sitka,US,2021-10-18 21:30:07,57.0531,-135.33,49.89,46,75,20.71
291,Gunjur,GM,2021-10-18 21:30:08,13.2019,-16.7339,80.67,94,40,0.0
292,Severo-Kurilsk,RU,2021-10-18 21:30:08,50.6789,156.125,37.81,78,89,16.71
293,Bam,IR,2021-10-18 21:30:09,29.106,58.357,74.39,19,0,6.15
294,Esperance,AU,2021-10-18 21:30:10,-33.8667,121.9,60.64,63,100,10.02
295,Saint George,US,2021-10-18 21:27:55,37.1041,-113.5841,68.47,26,90,13.0
296,Brae,GB,2021-10-18 21:30:11,60.3964,-1.353,53.51,95,100,20.92
297,Haines Junction,CA,2021-10-18 21:30:11,60.7522,-137.5108,28.35,69,98,0.0
298,Hellin,ES,2021-10-18 21:30:12,38.5106,-1.701,62.38,85,88,3.98
299,Manaure,CO,2021-10-18 21:30:13,11.7751,-72.4445,85.14,74,24,12.95
300,Harrismith,ZA,2021-10-18 21:30:13,-28.2728,29.1295,40.46,90,3,6.13
301,Wanning,CN,2021-10-18 21:30:14,18.8003,110.3967,77.59,91,86,8.72
302,Pringsewu,ID,2021-10-18 21:30:14,-5.3582,104.9744,72.27,95,100,3.47
303,Flin Flon,CA,2021-10-18 21:30:14,54.7682,-101.865,49.84,62,40,18.41
304,Nilanga,IN,2021-10-18 21:30:14,18.1,76.7667,73.22,78,96,7.74
305,Hambantota,LK,2021-10-18 21:27:06,6.1241,81.1185,77.34,100,0,3.44
306,Saumur,FR,2021-10-18 21:30:15,47.3333,-0.25,62.83,89,100,9.13
307,Ancud,CL,2021-10-18 21:30:15,-41.8697,-73.8203,63.93,83,15,6.91
308,Muros,ES,2021-10-18 21:30:15,42.7762,-9.0603,67.23,90,28,7.85
309,Norman Wells,CA,2021-10-18 21:26:27,65.282,-126.8329,23.04,93,75,9.22
310,Traverse City,US,2021-10-18 21:25:16,44.7631,-85.6206,66.94,46,1,4.61
311,Hovd,MN,2021-10-18 21:30:16,48.0056,91.6419,32.4,59,17,0.76
312,Sao Francisco Do Sul,BR,2021-10-18 21:30:16,-26.2433,-48.6381,65.1,94,90,2.3
313,Neiafu,TO,2021-10-18 21:30:17,-18.65,-173.9833,79.48,83,75,11.5
314,Rosario,AR,2021-10-18 21:30:17,-32.9468,-60.6393,80.08,28,0,1.99
315,Beyneu,KZ,2021-10-18 21:30:17,45.3167,55.2,53.91,36,81,8.03
316,Geraldton,AU,2021-10-18 21:30:18,-28.7667,114.6,63.01,94,75,17.27
317,Ambilobe,MG,2021-10-18 21:30:18,-13.2,49.05,68.79,73,47,6.42
318,Guymon,US,2021-10-18 21:30:18,36.6828,-101.4816,85.48,21,1,23.02
319,Shurugwi,ZW,2021-10-18 21:30:19,-19.6702,30.0059,52.23,95,100,10.09
320,Katherine,AU,2021-10-18 21:30:19,-14.4667,132.2667,80.92,61,40,0.0
321,Thinadhoo,MV,2021-10-18 21:30:19,0.5333,72.9333,82.13,73,96,10.65
322,La Serena,CL,2021-10-18 21:27:00,-29.9078,-71.2542,56.71,82,75,8.05
323,Gizo,SB,2021-10-18 21:30:20,-8.103,156.8419,82.92,72,81,3.94
324,Atar,MR,2021-10-18 21:30:20,20.5169,-13.0499,91.18,11,100,4.94
325,Saint-Joseph,RE,2021-10-18 21:30:20,-21.3667,55.6167,70.16,77,19,5.82
326,Aitape,PG,2021-10-18 21:28:06,-3.1374,142.3475,78.94,88,56,5.75
327,Byron Bay,AU,2021-10-18 21:30:21,-28.65,153.6167,66.06,83,100,3.42
328,Liuzhou,CN,2021-10-18 21:30:21,24.3126,109.3892,66.52,84,100,2.42
329,Mbeya,TZ,2021-10-18 21:30:22,-8.9,33.45,60.49,74,49,5.99
330,Aripuana,BR,2021-10-18 21:30:22,-9.1667,-60.6333,76.1,83,99,2.51
331,Leona Vicario,MX,2021-10-18 21:30:22,20.9667,-87.1917,87.67,65,100,6.46
332,Berezovyy,RU,2021-10-18 21:30:23,51.6667,135.7,12.9,86,5,4.68
333,San Quintin,MX,2021-10-18 21:30:23,30.4833,-115.95,67.8,61,15,16.64
334,Benguela,AO,2021-10-18 21:30:24,-12.5763,13.4055,74.37,79,63,1.9
335,Cartaya,ES,2021-10-18 21:30:24,37.2811,-7.1507,74.17,56,100,6.49
336,Bubaque,GW,2021-10-18 21:25:45,11.2833,-15.8333,83.48,72,32,10.18
337,San Juan,AR,2021-10-18 21:30:02,-31.5375,-68.5364,78.71,12,0,5.7
338,Deputatskiy,RU,2021-10-18 21:27:53,69.3,139.9,-16.51,99,38,4.47
339,Caravelas,BR,2021-10-18 21:30:25,-17.7125,-39.2481,75.61,85,20,8.03
340,Kysyl-Syr,RU,2021-10-18 21:30:25,63.8986,122.7617,14.92,97,95,2.66
341,Coquimbo,CL,2021-10-18 21:27:15,-29.9533,-71.3436,56.93,82,75,8.05
342,Cabo San Lucas,MX,2021-10-18 21:30:26,22.8909,-109.9124,91.62,65,40,1.01
343,Puerto Rondon,CO,2021-10-18 21:30:26,6.2805,-71.1,83.41,75,79,1.01
344,Mercedes,AR,2021-10-18 21:30:27,-34.6515,-59.4307,71.64,50,1,9.01
345,Nouadhibou,MR,2021-10-18 21:30:27,20.931,-17.0347,75.18,60,3,8.05
346,Sept-Iles,CA,2021-10-18 21:27:03,50.2001,-66.3821,49.05,97,90,7.0
347,Cilegon,ID,2021-10-18 21:30:28,-6.0174,106.0538,75.09,85,100,10.42
348,Sakaiminato,JP,2021-10-18 21:30:28,35.55,133.2333,51.78,87,75,1.14
349,Yei,SS,2021-10-18 21:30:15,4.095,30.6779,67.19,98,99,3.44
350,Kloulklubed,PW,2021-10-18 21:30:28,7.0419,134.2556,77.5,73,78,11.05
351,Tignere,CM,2021-10-18 21:30:29,7.3667,12.65,66.9,91,97,2.91
352,Amazar,RU,2021-10-18 21:30:29,53.858,120.875,22.17,72,100,2.21
353,Ilawe,NG,2021-10-18 21:30:29,7.8667,4.4333,72.05,99,100,3.13
354,Dongsheng,CN,2021-10-18 21:30:30,39.8161,109.9776,31.6,61,93,12.48
355,Urucui,BR,2021-10-18 21:30:30,-7.2294,-44.5561,84.58,49,74,1.48
356,Kindia,GN,2021-10-18 21:30:30,10.0569,-12.8658,71.11,94,51,3.18
357,Smirnykh,RU,2021-10-18 21:30:30,49.75,142.8333,23.4,78,9,2.48
358,Troitsk,RU,2021-10-18 21:30:31,54.0979,61.5773,48.88,48,100,12.19
359,Gualaquiza,EC,2021-10-18 21:30:31,-3.4,-78.55,70.92,93,60,1.74
360,Saint-Pierre,RE,2021-10-18 21:30:31,-21.3393,55.4781,71.24,73,0,5.75
361,Ulsteinvik,NO,2021-10-18 21:30:32,62.3432,5.8487,46.98,69,100,8.01
362,Avera,US,2021-10-18 21:30:32,33.194,-82.5271,75.07,44,20,1.83
363,Zboriv,UA,2021-10-18 21:30:32,49.6648,25.141,43.65,89,100,10.78
364,Padang,ID,2021-10-18 21:30:33,-0.9492,100.3543,73.45,91,100,6.13
365,Chaoyang,CN,2021-10-18 21:30:33,41.5703,120.4586,34.41,69,3,3.42
366,Klaksvik,FO,2021-10-18 21:30:33,62.2266,-6.589,52.72,98,100,26.91
367,Chik,RU,2021-10-18 21:30:34,54.9928,82.4311,37.18,80,0,2.24
368,Ajdabiya,LY,2021-10-18 21:30:34,30.7554,20.2263,72.63,41,99,9.46
369,Toora-Khem,RU,2021-10-18 21:30:34,52.4675,96.11,23.81,87,3,2.17
370,Hay River,CA,2021-10-18 21:26:42,60.8156,-115.7999,39.18,60,20,5.75
371,Mao,ES,2021-10-18 21:30:35,39.8885,4.2658,64.96,72,0,3.44
372,Stonewall,CA,2021-10-18 21:29:24,50.1344,-97.3268,72.75,39,78,13.42
373,Kumba,CM,2021-10-18 21:30:35,4.6363,9.4469,72.3,97,99,2.15
374,Ibanda,TZ,2021-10-18 21:30:35,-2.7974,32.4746,66.54,83,95,1.54
375,Coihaique,CL,2021-10-18 21:27:00,-45.5752,-72.0662,59.61,62,75,3.44
376,Muana,BR,2021-10-18 21:30:36,-1.5283,-49.2167,83.08,67,76,8.3
377,Floro,NO,2021-10-18 21:30:36,61.5996,5.0328,46.96,65,90,12.66
378,Camacha,PT,2021-10-18 21:30:36,33.0833,-16.3333,72.54,94,20,5.75
379,Dikson,RU,2021-10-18 21:30:37,73.5069,80.5464,29.79,98,100,18.7
380,Champerico,GT,2021-10-18 21:29:17,14.3,-91.9167,90.14,73,76,5.66
381,Togur,RU,2021-10-18 21:30:37,58.3631,82.8265,35.96,93,70,5.95
382,Tombouctou,ML,2021-10-18 21:30:38,20.0,-3.0,84.02,12,10,9.44
383,Aras,ES,2021-10-18 21:30:38,42.5617,-2.356,61.32,100,98,4.29
384,Pimentel,PE,2021-10-18 21:29:53,-6.8367,-79.9342,66.49,68,0,20.71
385,Carutapera,BR,2021-10-18 21:30:39,-1.195,-46.02,80.44,76,79,7.67
386,Sola,VU,2021-10-18 21:30:39,-13.8833,167.55,77.67,94,90,0.0
387,Makakilo City,US,2021-10-18 21:30:39,21.3469,-158.0858,82.72,54,20,13.8
388,Qujing,CN,2021-10-18 21:30:40,25.4833,103.7833,57.31,94,94,9.42
389,Labuhan,ID,2021-10-18 21:30:40,-6.8844,112.2051,80.33,82,99,5.97
390,Rincon,US,2021-10-18 21:30:40,32.296,-81.2354,75.13,46,40,4.61
391,Jibuti,DJ,2021-10-18 21:30:41,11.5,42.5,81.82,65,48,8.79
392,Albury,AU,2021-10-18 21:30:41,-36.0833,146.9167,56.01,91,9,4.61
393,Verdun,FR,2021-10-18 21:30:41,49.25,5.3333,54.09,84,96,6.35
394,Chubbuck,US,2021-10-18 21:30:41,42.9208,-112.4661,64.29,40,75,7.0
395,Plettenberg Bay,ZA,2021-10-18 21:30:42,-34.0527,23.3716,51.96,72,0,3.67
396,Ivanivka,UA,2021-10-18 21:30:42,46.7208,34.553,45.95,63,93,8.23
397,Nuuk,GL,2021-10-18 21:30:43,64.1835,-51.7216,34.41,34,20,11.5
398,Gorontalo,ID,2021-10-18 21:30:44,0.5412,123.0595,75.81,93,91,2.46
399,Chapada Dos Guimaraes,BR,2021-10-18 21:30:44,-15.4606,-55.7497,69.46,93,100,4.27
400,Songjianghe,CN,2021-10-18 21:30:45,42.1859,127.479,21.2,94,34,4.21
401,Kaputa,ZM,2021-10-18 21:30:45,-8.4689,29.6619,72.84,73,100,2.21
402,Sam Roi Yot,TH,2021-10-18 21:30:46,12.2708,99.872,72.28,93,84,4.99
403,Baiyin,CN,2021-10-18 21:30:46,36.5583,104.2081,45.48,40,100,2.62
404,Komsomolskiy,UZ,2021-10-18 21:26:46,40.4272,71.7189,51.22,57,20,4.61
405,Plouzane,FR,2021-10-18 21:30:46,48.3833,-4.6167,64.08,100,90,18.41
406,Hailar,CN,2021-10-18 21:30:47,49.2,119.7,22.01,80,9,6.87
407,Xichang,CN,2021-10-18 21:30:47,27.8964,102.2634,62.19,92,100,3.24
408,Porto Recanati,IT,2021-10-18 21:30:47,43.4365,13.6613,58.3,44,0,6.08
409,Odesskoye,RU,2021-10-18 21:30:48,54.2111,72.9651,46.78,57,100,6.64
410,Fort Morgan,US,2021-10-18 21:30:12,40.2503,-103.8,79.45,11,1,5.75
411,Najran,SA,2021-10-18 21:30:48,17.4924,44.1277,74.05,22,3,2.46
412,Cuamba,MZ,2021-10-18 21:30:48,-14.8031,36.5372,79.41,46,92,4.41
413,Lafiagi,NG,2021-10-18 21:30:49,8.8667,5.4167,78.04,84,100,4.74
414,Tilichiki,RU,2021-10-18 21:30:49,60.4667,166.1,18.66,80,99,18.68
415,Hals,DK,2021-10-18 21:30:49,56.9961,10.3081,49.6,93,100,18.28
416,Hamilton,US,2021-10-18 21:27:25,39.1834,-84.5333,71.76,41,1,1.99
417,Kayseri,TR,2021-10-18 21:30:50,38.737,35.4968,41.02,87,40,1.14
418,Santomera,ES,2021-10-18 21:30:50,38.0615,-1.0488,71.55,81,100,3.91
419,Kuryk,KZ,2021-10-18 21:30:50,43.2,51.65,57.22,49,35,6.8
420,Mareeba,AU,2021-10-18 21:30:51,-17.0,145.4333,78.31,91,2,1.19
421,Sao Felix Do Xingu,BR,2021-10-18 21:30:51,-6.6447,-51.995,74.35,91,89,1.19
422,Ostrovnoy,RU,2021-10-18 21:30:52,68.0531,39.5131,37.56,80,100,29.04
423,Sinnamary,GF,2021-10-18 21:30:52,5.3833,-52.95,80.6,81,100,10.2
424,Isangel,VU,2021-10-18 21:30:52,-19.55,169.2667,78.91,69,90,0.0
425,Gannan,CN,2021-10-18 21:30:52,47.9147,123.5031,28.69,57,0,6.2
426,Karla,EE,2021-10-18 21:30:53,59.3723,24.9275,40.96,69,75,11.5
427,Japura,ID,2021-10-18 21:30:53,-0.3167,102.35,73.83,98,100,2.26
428,Batsfjord,NO,2021-10-18 21:30:53,70.6345,29.7185,35.53,93,75,21.85
429,Huarmey,PE,2021-10-18 21:30:54,-10.0681,-78.1522,66.51,80,94,9.64
430,Langsa,ID,2021-10-18 21:30:54,4.4683,97.9683,72.91,91,89,1.21
431,Waingapu,ID,2021-10-18 21:30:54,-9.6567,120.2641,81.05,77,85,2.64
432,Dalgopol,BG,2021-10-18 21:30:55,43.05,27.35,57.25,79,100,1.19
433,Zapolyarnyy,RU,2021-10-18 21:30:55,69.4154,30.8136,31.28,75,100,19.46
434,Catalina,US,2021-10-18 21:30:55,32.5056,-110.9211,83.66,29,0,4.0
435,Bowen,AU,2021-10-18 21:30:56,-20.0167,148.2333,75.42,76,6,8.93
436,Boa Vista,BR,2021-10-18 21:30:56,2.8197,-60.6733,93.18,43,20,3.44
437,Gavirate,IT,2021-10-18 21:30:56,45.8401,8.7198,57.47,88,100,1.01
438,Sebrovo,RU,2021-10-18 21:30:57,50.0981,43.2976,44.92,57,98,6.93
439,Shingu,JP,2021-10-18 21:30:57,33.7333,135.9833,60.51,94,100,8.95
440,Takoradi,GH,2021-10-18 21:30:57,4.8845,-1.7554,77.34,88,100,8.25
441,Burevestnik,RU,2021-10-18 21:30:58,56.144,43.7883,31.75,100,0,6.71
442,Orsha,BY,2021-10-18 21:30:58,54.5153,30.4053,36.63,79,13,11.1
443,Saint-Georges,GD,2021-10-18 21:30:58,12.0564,-61.7485,80.28,94,20,8.05
444,Kidal,ML,2021-10-18 21:30:59,18.4411,1.4078,83.82,36,8,6.04
445,Tonstad,NO,2021-10-18 21:30:59,58.6626,6.7169,47.53,96,100,8.48
446,Calama,CL,2021-10-18 21:30:59,-22.4667,-68.9333,72.09,9,0,20.71
447,Velyka Oleksandrivka,UA,2021-10-18 21:30:59,47.3197,33.3037,47.28,61,100,8.72
448,Anloga,GH,2021-10-18 21:31:00,5.7947,0.8973,77.22,79,100,8.88
449,Kigoma,TZ,2021-10-18 21:31:00,-4.8769,29.6267,71.38,87,100,7.11
450,Svetlaya,RU,2021-10-18 21:31:00,46.5389,138.3297,33.66,75,99,9.37
451,Sechura,PE,2021-10-18 21:31:01,-5.5569,-80.8222,73.33,63,68,17.49
452,Waddan,LY,2021-10-18 21:31:02,29.1614,16.139,71.06,42,100,25.7
453,Walvis Bay,NA,2021-10-18 21:31:02,-22.9575,14.5053,59.09,82,100,10.36
454,Antalaha,MG,2021-10-18 21:31:03,-14.9003,50.2788,67.77,80,25,6.31
455,Safford,US,2021-10-18 21:31:03,32.834,-109.7076,83.07,22,1,4.61
456,Presidencia Roque Saenz Pena,AR,2021-10-18 21:31:03,-26.7852,-60.4388,74.73,26,1,7.34
457,Finnsnes,NO,2021-10-18 21:31:04,69.2296,17.9811,28.36,86,23,1.05
458,Umm Kaddadah,SD,2021-10-18 21:31:04,13.6017,26.6876,87.3,17,2,12.8
459,San Clemente,US,2021-10-18 21:30:53,33.427,-117.612,69.73,73,43,1.01
460,Nanortalik,GL,2021-10-18 21:31:04,60.1432,-45.2371,31.59,60,85,14.58
461,Changping,CN,2021-10-18 21:31:05,40.2186,116.2197,43.52,36,0,4.0
462,Cordoba,AR,2021-10-18 21:28:22,-31.4135,-64.1811,76.05,29,20,4.61
463,Margate,GB,2021-10-18 21:31:05,51.3813,1.3862,61.88,92,100,1.99
464,Marawi,PH,2021-10-18 21:31:06,7.9986,124.2928,66.65,92,76,2.26
465,Katobu,ID,2021-10-18 21:31:06,-4.9408,122.5276,76.6,90,67,2.42
466,Shanghai,CN,2021-10-18 21:30:25,31.2222,121.4581,64.89,79,0,6.71
467,Kismayo,SO,2021-10-18 21:31:06,-0.3582,42.5454,78.26,85,88,13.38
468,Vostok,RU,2021-10-18 21:31:06,46.4856,135.8833,18.01,99,95,1.21
469,La Union,PE,2021-10-18 21:31:07,-5.4,-80.75,76.6,54,63,16.87
470,Grafton,US,2021-10-18 21:31:07,42.207,-71.6856,56.32,58,90,3.0
471,Vanimo,PG,2021-10-18 21:31:07,-2.6741,141.3028,79.43,88,53,5.88
472,Marang,MY,2021-10-18 21:31:08,5.2056,103.2059,76.93,86,86,2.08
473,Stornoway,GB,2021-10-18 21:31:08,58.2093,-6.3865,55.92,100,90,18.41
474,Cherdakly,RU,2021-10-18 21:31:09,54.3594,48.845,46.35,61,0,8.95
475,Rantauprapat,ID,2021-10-18 21:31:09,2.1,99.8333,74.44,98,100,2.51
476,Brigham City,US,2021-10-18 21:29:44,41.5102,-112.0155,63.37,40,1,1.01
477,Nuevo Laredo,MX,2021-10-18 21:30:16,27.4763,-99.5164,87.78,37,1,17.27
478,Oxapampa,PE,2021-10-18 21:31:10,-10.5775,-75.4017,63.63,96,91,1.7
479,Tromso,NO,2021-10-18 21:30:51,69.6496,18.957,28.42,86,75,3.44
480,Rio Bueno,CL,2021-10-18 21:31:11,-40.3167,-72.9667,68.14,59,15,6.42
481,Keti Bandar,PK,2021-10-18 21:31:11,24.1447,67.4497,79.48,58,0,12.91
482,Mackay,AU,2021-10-18 21:31:12,-21.15,149.2,75.04,94,4,4.61
483,Bac Lieu,VN,2021-10-18 21:31:12,9.285,105.7244,78.85,83,56,5.99
484,Barra,BR,2021-10-18 21:30:38,-11.0894,-43.1417,82.27,43,68,2.42
485,Sokolo,ML,2021-10-18 21:31:12,14.7328,-6.1219,93.02,24,100,4.72
486,Verkhniye Sergi,RU,2021-10-18 21:31:13,56.6469,59.5556,45.46,60,100,7.43
487,Masallatah,LY,2021-10-18 21:31:13,32.6167,14.0,68.97,63,97,11.3
488,Arlit,NE,2021-10-18 21:31:14,18.7369,7.3853,87.13,23,94,8.75
489,Perth,AU,2021-10-18 21:27:51,-31.9333,115.8333,64.58,86,75,19.57
490,Biltine,TD,2021-10-18 21:31:14,14.5333,20.9167,86.27,17,7,6.13
491,Emet,TR,2021-10-18 21:31:14,39.343,29.2585,50.83,85,73,3.98
492,Belmonte,BR,2021-10-18 21:31:15,-15.8631,-38.8828,79.3,83,96,10.16
493,Natal,BR,2021-10-18 21:31:15,-5.795,-35.2094,80.82,78,20,9.22
494,Faya,SA,2021-10-18 21:31:16,18.3851,42.4509,61.32,25,6,6.44
495,Muyezerskiy,RU,2021-10-18 21:31:16,63.9333,31.65,27.72,89,90,9.55
496,Calvinia,ZA,2021-10-18 21:31:16,-31.4707,19.776,54.77,25,0,6.67
497,Mbandaka,CD,2021-10-18 21:31:17,0.0487,18.2603,73.62,89,80,1.77
498,Grindavik,IS,2021-10-18 21:31:17,63.8424,-22.4338,48.15,81,0,24.16
499,Svetlogorsk,BY,2021-10-18 21:31:17,52.6333,29.7333,34.63,87,6,7.02
500,Barcelona,ES,2021-10-18 21:31:08,41.3888,2.159,69.85,89,20,1.14
501,Narsaq,GL,2021-10-18 21:31:18,60.9167,-46.05,34.02,39,74,2.93
502,Okhotsk,RU,2021-10-18 21:26:53,59.3833,143.3,9.34,71,0,16.67
503,Aksu,CN,2021-10-18 21:31:18,41.1231,80.2644,53.87,22,100,2.73
504,Broken Hill,AU,2021-10-18 21:31:19,-31.95,141.4333,56.91,58,0,13.8
505,Doha,QA,2021-10-18 21:28:33,25.2867,51.5333,85.98,52,0,11.5
506,Laguna,US,2021-10-18 21:30:54,38.421,-121.4238,66.4,49,75,1.01
507,Ambon,ID,2021-10-18 21:31:19,-3.6954,128.1814,77.14,94,20,3.44
508,Batouri,CM,2021-10-18 21:31:19,4.4333,14.3667,68.45,97,97,3.11
509,Basco,PH,2021-10-18 21:31:20,20.4487,121.9702,80.8,73,62,16.62
510,Kumluca,TR,2021-10-18 21:31:20,36.3703,30.2869,69.37,46,70,6.62
511,Maxixe,MZ,2021-10-18 21:31:21,-23.8597,35.3472,68.27,72,100,15.9
512,Buzmeyin,TM,2021-10-18 21:31:21,38.0507,58.2056,62.33,22,75,6.91
513,Puerto Colombia,CO,2021-10-18 21:31:21,10.9878,-74.9547,86.09,75,27,5.14
514,Bintawan,PH,2021-10-18 21:31:21,16.5759,121.1876,71.91,98,46,0.67
515,Great Falls,US,2021-10-18 21:29:06,47.5002,-111.3008,59.45,36,1,7.0
516,Bilma,NE,2021-10-18 21:31:22,18.6853,12.9164,86.38,15,98,8.34
517,Rio Gallegos,AR,2021-10-18 21:31:22,-51.6226,-69.2181,60.85,25,20,29.93
518,Itoman,JP,2021-10-18 21:31:23,26.1247,127.6694,75.22,81,40,4.61
519,Castro Alves,BR,2021-10-18 21:31:23,-12.7656,-39.4283,73.85,83,93,10.65
520,Erzin,TR,2021-10-18 21:31:24,36.9559,36.2,66.92,79,82,2.73
521,Mitsamiouli,KM,2021-10-18 21:31:24,-11.3847,43.2844,76.96,79,85,13.38
522,San Rafael,AR,2021-10-18 21:31:24,-34.6177,-68.3301,75.45,14,0,13.35
523,Bantry,IE,2021-10-18 21:31:25,51.6833,-9.45,58.48,98,100,6.35
524,Inta,RU,2021-10-18 21:31:25,66.0317,60.1659,36.09,80,98,14.92
525,Bykovo,RU,2021-10-18 21:31:25,55.6361,38.0803,37.42,87,40,4.47
526,Orthez,FR,2021-10-18 21:31:26,43.4884,-0.7724,67.42,64,100,5.61
527,Bahia Honda,CU,2021-10-18 21:31:26,22.9036,-83.1592,80.2,79,88,9.71
528,Yeniseysk,RU,2021-10-18 21:31:26,58.4497,92.1703,34.72,92,74,3.56
529,Buala,SB,2021-10-18 21:29:20,-8.145,159.5921,82.29,75,4,3.44
530,Goundam,ML,2021-10-18 21:31:27,16.4145,-3.6708,90.82,23,13,10.63
531,Ahuimanu,US,2021-10-18 21:31:27,21.4447,-157.8378,83.91,58,20,13.8
532,Veselynove,UA,2021-10-18 21:31:28,47.3567,31.2349,45.07,73,79,8.28
533,Elizabeth City,US,2021-10-18 21:29:20,36.2946,-76.2511,71.01,38,1,3.0
534,Kamina,CD,2021-10-18 21:31:28,-8.7386,24.9906,66.76,91,77,3.29
535,Dicabisagan,PH,2021-10-18 21:31:28,17.0818,122.4157,77.07,89,56,5.84
536,Bom Jesus,BR,2021-10-18 21:31:29,-9.0744,-44.3586,87.13,32,98,2.84
537,Merauke,ID,2021-10-18 21:31:29,-8.4667,140.3333,80.38,85,83,9.82
538,Vila Franca Do Campo,PT,2021-10-18 21:31:29,37.7167,-25.4333,70.21,82,18,11.72
539,Pangnirtung,CA,2021-10-18 21:27:17,66.1451,-65.7125,32.0,80,75,3.44
540,Port Keats,AU,2021-10-18 21:31:30,-14.25,129.55,84.24,67,18,2.82
541,Nirasaki,JP,2021-10-18 21:31:30,35.7,138.45,52.05,92,100,1.01
542,Aykhal,RU,2021-10-18 21:31:31,66.0,111.5,31.21,95,96,16.8
543,Rondonopolis,BR,2021-10-18 21:30:57,-16.4708,-54.6356,76.75,81,100,3.09
544,Manta,EC,2021-10-18 21:31:31,-0.95,-80.7333,76.78,83,90,11.5
545,Mandaue,PH,2021-10-18 21:31:31,10.3437,123.9423,80.51,89,75,3.44
546,Chegdomyn,RU,2021-10-18 21:31:32,51.1167,133.0167,16.95,65,4,2.77
547,Sand,DE,2021-10-18 21:31:32,50.0,10.6,48.15,99,100,3.36
548,Naron,ES,2021-10-18 21:31:32,43.5167,-8.1528,67.05,89,71,6.13
549,Trelew,AR,2021-10-18 21:31:33,-43.249,-65.3051,77.49,23,19,16.15
